{
  "project_info": {
    "project_number": "281595931620",
    "firebase_url": "https://myabsensi-dcfed-default-rtdb.firebaseio.com",
    "project_id": "myabsensi-dcfed",
    "storage_bucket": "myabsensi-dcfed.appspot.com"
  },
  "client": [
    {
      "client_info": {
        "mobilesdk_app_id": "1:281595931620:android:1af6781e95cb1717f1f5f1",
        "android_client_info": {
          "package_name": "com.example.myappabsensi"
        }
      },
      "oauth_client": [
        {
          "client_id": "281595931620-rc4dfqf31qpv275976vdtf1shnvnrls5.apps.googleusercontent.com",
          "client_type": 3
        }
      ],
      "api_key": [
        {
          "current_key": "AIzaSyC80GhNka4QuKFsY6tHbAOY8n1YEvDsWhE"
        }
      ],
      "services": {
        "appinvite_service": {
          "other_platform_oauth_client": [
            {
              "client_id": "281595931620-rc4dfqf31qpv275976vdtf1shnvnrls5.apps.googleusercontent.com",
              "client_type": 3
            }
          ]
        }
      }
    }
  ],
  "configuration_version": "1"
}